{
  "metadata": {
    "version": 4,
    "type": "geometry",
    "generator": "GeometryExporter"
  },
  "vertices": [297.682,789.73,1442.15,297.682,-10.37,1442.15,297.682,-10.37,-1.45445,-294.818,789.73,1442.15,-294.818,-10.37,1442.15,-294.818,-10.37,-1.45445],
  "normals": [1,0,0,0,0,0.9999999999999999,0,0,1,0,0.8746461706106664,-0.4847618758071812,2.95015e-16,0.874646,-0.484763,0,-1,0,-3.04604e-16,-1,1.37521e-15,-1,0,0],
  "uvs": [[-56.7774,31.0917,-56.7774,-0.408267,0.0572617,-0.408267,11.7198,-0.408267,11.7198,31.0917,-11.607,-0.408267,-11.607,31.0917,-11.7198,64.7322,-11.7198,-0.247996,11.607,64.7322,11.607,-0.247996,-11.7198,0.0572617,-11.7198,-56.7774,11.607,0.0572617,11.607,-56.7774,56.7774,-0.408267,56.7774,31.0917,-0.0572617,-0.408267]],
  "faces": [56,0,1,2,0,1,2,0,0,0,0,56,1,0,4,3,4,5,1,2,2,2,56,0,3,4,4,6,5,1,2,2,2,56,0,2,3,7,8,9,3,4,4,4,56,2,5,3,8,10,9,3,4,4,4,56,2,1,5,11,12,13,5,6,6,6,56,1,4,5,12,14,13,5,6,6,6,56,4,3,5,15,16,17,7,7,7,7]
}
